"","B cells naive","B cells memory","Plasma cells","T cells CD8","T cells CD4 naive","T cells CD4 memory resting","T cells CD4 memory activated","T cells follicular helper","T cells regulatory (Tregs)","T cells gamma delta","NK cells resting","NK cells activated","Monocytes","Macrophages M0","Macrophages M1","Macrophages M2","Dendritic cells resting","Dendritic cells activated","Mast cells resting","Mast cells activated","Eosinophils","Neutrophils"
"GSM2462555",0.0290006672264953,0,0.367983826210535,0.0515428606089539,0,0.177853285924632,0,0.0462725566862591,0.00305735536953557,0,0.021463452189687,0.0240279835108603,0.00127596673908848,0,0.0395304076228415,0.15324351927985,0,0.01077772269877,0.0461673350519887,0,0.0278030608805031,0
"GSM2462556",0,0.0106574116605043,0.207906672028049,0.0222322483409996,0,0,0,0.0414328866962586,0.00764384111194611,0.0350625812125314,0,0.0257072152728466,0,0.148773425779254,0.0246442502534153,0.132464136521114,0,0,0,0.324031931788974,0.0158043226880263,0.00363907664608021
"GSM2462557",0.00285311003630037,0.043681615218354,0.158806737238166,0,0,0.130923244839858,0.0530328443667145,0.0423365247692944,0,0.0268670041458379,0,0.0872319929534562,0.00578882658554745,0,0.139766510790228,0.21015052278317,0,0.00744118123007207,0,0.00861924253265157,0.0825006425103504,0
"GSM2462558",0.0193932600305921,0.030726600997876,0.235927948905769,0.0148772085102028,0,0.170198148247647,0,0.027109275002173,0,0.000244956187021775,0,0.0279004283420819,0.0137280404832202,0,0.126646936184421,0.209434963440722,0.00228932966688373,0,0,0.0537221026196892,0.0678008013817006,0
"GSM2462559",0,0.0936113510904517,0.394731877127171,0.0409037393442389,0.074038884565266,0.0962464776579053,0.0221207766901079,0,0,0.103629574298389,0,0.0448335515845838,0,0.00513688432372522,0.00242823518634935,0.0974431076626055,0,0,0.0248755404692062,0,0,0
"GSM2462560",0.0159052540095368,0,0.238595484364452,0,0,0.180357918529997,0.123268177936668,0,0,0,0.0257026798743331,0.0330560174424289,0.0250355036772963,0,0.106137805432387,0.119199770640649,0.00209564361276408,0.00814889947445842,0,0.0983421057594963,0.0213525233136684,0.00280221593186417
"GSM2462561",0,0.0425539667400431,0.385972972411185,0,0,0.0946892100580518,0.0526237446154211,0.00669704324701656,0,0.029283981155822,0,0.116506275192104,0,0,0.0590199954224188,0.164016111319732,0,0,0,0.0200848563404887,0.0285518434977171,0
"GSM2462562",0.0492587010316873,0,0.328800380952496,0,0,0.250087939873501,0,0.0085066535769308,0,0.00829077065399083,0,0.0137483543956953,0,0,0.0459707879201212,0.193851521305105,0,0.00159252509783658,0,0.0926499180498572,0.00648064289144763,0.000761804251331169
"GSM2462563",0.0170212734091087,0.0435622500236509,0.169941407466537,0.0148669604705394,0,0.201535700663557,0.000748925048035687,0.0358638856277226,0.00158639077840558,0.0883121587602658,0,0.074678784174637,0.000160023512146672,0.0240309105130029,0.143979635758457,0.12407913812443,0,0,0.0193246241870969,0.0071646528106291,0.0298812439694695,0.00326203470230859
"GSM2462564",0.00215910575994096,0.0503044959765328,0.353599219884063,0,0.0499628145236297,0,0.023691533475069,0,0,0.112918092862367,0,0,0,0,0.0745382037680317,0.233522594498032,0.000852937032089607,0,0.0852226193336652,0,0,0.0132283828865783
"GSM2462565",0.00721333102813471,0,0.313350411488352,0.0678608015174041,0,0.0935378864686569,0,0.0525372542768936,0,0,0,0.0562599974199984,0.0162278548908242,0.0342022986297944,0.106940719764952,0.156012956930138,0,0,0,0.0281308147953098,0.0677256727895408,0
"GSM2462566",0.0231835425608611,0.0528493261744074,0.276519848608296,0.0103438792579888,0.00522231011211719,0,0.0232661893550378,0.023684336423863,0.0220856529266076,0.0247484328984465,0,0.00463185302897892,0.0245815354900165,0.104932885655336,0.00394639727665881,0.323000008299516,0,0,0.00382716172690215,0.0134167006410607,0.0280896165569346,0.0316703230069708
"GSM2462567",0.0229346226456963,0.013981773307427,0.303923843241324,0.0224219263613618,0,0.188835880061333,0,0.0166074556354575,0.00526665636591099,0,0,0.0350266617387792,0.00527288952468857,0,0.132368020410531,0.141270772313954,0,0,0,0.0844097183047103,0.0276797800888261,0
"GSM2462568",0.0265243644148314,0,0.427395407574863,0,0,0.107621769051899,0,0.0390640057799161,0,0.0138427713656533,0,0.068161844135842,0,0.0262679420352764,0.0733033591029464,0.139308191346167,0,0,0,0.0569369437581618,0.0215734014344438,0
"GSM2462569",0.0336555379042867,0,0.164654463481022,0.0487155692899077,0,0.0912984712960405,0.00382759032561755,0.0335539395099135,0.00128929126411617,0.00652383043271325,0,0.0299768103710545,0,0.0615383283079773,0.0264284586502713,0.41289927349139,0,0,0.0326451389590609,0.0094082904341849,0.0262617474481937,0.0173232588342505
"GSM2462570",0.00999108666850871,0.0268008652630702,0.328049548054311,0,0,0.0743350396235578,0,0.0650343735739414,0.00992642548489601,0.0958273212530546,0,0.0163657655266845,0,0,0.0136677204267986,0.220679707754419,0,0.00814629203199151,0,0.119672177972225,0.0115036763665408,0
"GSM2462571",0.00463731628342431,0.0396270403434232,0.21949129581497,0,0,0.185524477551989,0,0.0276262664366505,0.00911539343306112,0.0487266669415107,0,0.0674018642438729,0.0176102298468753,0,0.13642210620878,0.145956431765305,0.00153510955470599,0,0,0.0644093061301955,0.0294015285253391,0.00251496691989698
"GSM2462572",0.0336221310221419,0,0.218002316610846,0.0330109934428726,0,0.141209939855494,0,0.0578011783560179,0,0,0,0.0887397388838087,0,0,0.124359658768816,0.196564225097366,0.0214671329276601,0,0,0.0441001131496334,0.0330809302355935,0.00804164164975015
"GSM2462573",0,0.0227718281267348,0.244952901246943,0,0,0.118615625998406,0.00699187291219395,0.025487168103658,0,0.0874535497226424,0,0.0345538250707461,0,0.0335483993977359,0.178625764301913,0.182129599726505,0.011041320112382,0,0.0501764897819073,0,0.00365165549823175,0
"GSM2462574",0.00706654680494032,0,0.443608882063701,0.0217176662902151,0,0.0678176486520167,0.0392146766907864,0.00285069860721777,0,0.0235983436690167,0,0.0734210600660297,0.0299210282089169,0,0.0990450856135141,0.0989483008475801,0.000511635916829236,0,0,0.0261303508705427,0.0661480756986937,0
"GSM1621589",0,0.0160243057698584,0.27590944835404,0.0490944910913714,0,0.0813938975252274,0,0.0250660167269393,0,0,0,0.0453310733296799,0.0445309930098901,0,0.0256093240755522,0.244386175756953,0,0.0117958650529064,0,0.159559910032035,0.0212984992755472,0
"GSM1621592",0.0640311475816843,0,0.300296812748177,0.090789642133703,0,0.0374570582565806,0,0,0.0228982003743376,0.0215481927535535,0,0.0989222435137587,0,0,0.0183610797041708,0.232670126449533,0.0162692231509591,0,0.0355069514293536,0,0.0612493219041885,0
"GSM1621597",0.0706844807708525,0.0765663294895439,0.182441390816407,0.0412081304663064,0,0.142936280600103,0,0.0272282836436653,0.00235593968271189,0.00176603937220458,0,0.0781869196360635,0,0,0.0397432050207997,0.132164450382626,0,0.0095594802242501,0,0.170156798183925,0.0250022717105421,0
"GSM1621600",0.0198154282939919,0.00285838561179764,0.24762271854059,0,0,0.156213460839545,0,0.0509555914554445,0.021598887619314,0,0,0.0769919675828567,0,0.030143469088139,0.110421608863327,0.193044095249179,0,0,0.0527544352957005,0,0.0375799515601151,0
"GSM1621603",0.0151720127708085,0,0.325110870080382,0,0,0.0986610871131625,0,0.0140104005022888,0,0.0529601520531617,0,0.0786696451961109,0,0,0.088997456822037,0.203272505517644,0.0115125944089866,0,0,0.0854291661315567,0.0262041094038612,0
"GSM1621604",0,0.0271292854986727,0.254677032735314,0.101391028038243,0,0.169754243173257,0,0,0,0,0,0.031463380410389,0.0109768668565328,0,0.0277066201770321,0.300134135821253,0,0,0.0499357532082021,0.0181754439986952,0.00865621008240941,0
"GSM1621607",0,0.0139955758050399,0.426673250956604,0.021954383502798,0,0.0942050557558856,0.0262990929402842,0.0149578232271325,0,0.0425811566468695,0,0.0541126840671755,0.0046023574218771,0,0.0827365874151689,0.12248044462935,0,0,0,0.0291429109063542,0.055213007055679,0.011045669669782
"GSM1621608",0,0.143089038887123,0.158878574666251,0.0351514304537436,0,0.219698484473439,0.00373507374522506,0,0.00910895583271281,0.00862245408128007,0,0.0924751781619298,0,0.0178511294954656,0.035391899468739,0.197122857104978,0,0.00694007065427157,0.0274138148720404,0.0184334216025267,0.026087616500274,0
"GSM1621611",0,0.064401588662506,0.393085251808879,0.00984343986894797,0,0.087629368121467,0.0145626938978685,0.0186305322042182,0,0.0501065569615071,0,0.0239843917167067,0.0217778982979251,0,0.102086649005675,0.0525667960008653,0,0.00676526027678498,0,0.10338762184354,0.0403258526080446,0.0108460987250641
"GSM1621616",0,0.0345116692997839,0.320660604629236,0.0183802484389949,0,0.15319404874472,0,0.0229155203904907,0.00478354287261199,0,0,0.0811794947255614,0,0,0.0495367130098102,0.239097813706407,0.00565585560337269,0.00167613118769488,0,0.0311375807220274,0.0360979723284442,0.00117280434084566
"GSM1621624",0,0.0656832803604412,0.367845534668449,0.0120021797528166,0,0.0874540549431112,0,0.0422391297182724,0,0.0454141263256223,0,0.0573554341232608,0,0.0177989188007056,0.11587157187352,0.0997888152709664,0,0,0,0.0867659364267004,0.00178101773613456,0
"GSM1621627",0.00786164847240653,0.0156642234425171,0.398196643601702,0.0241866570232532,0,0.0719858565005078,0.00378093876173253,0.026360015820102,0,0.0168386104422245,0,0.0669364302807047,0.00236507910919139,0.0342497387107912,0.073904300873645,0.147701856951408,0.00293608596172249,0,0,0.0886186632213136,0.0184132508267772,0
"GSM1621630",0.026060510250858,0,0.330397942750102,0.00070410467622004,0,0.223037968176719,0.00266491986230372,0,0,0,0,0.0344996464650269,0.0145574945529368,0.00845996725830983,0.0368496583354452,0.180379407558788,0,0.0110871570973625,0.0520566254890477,0,0.0792445975268795,0
"GSM1621633",0.0142680966283718,0,0.258294594394343,0.062110317416358,0,0.0580227730156717,0,0.0160011697278467,0,0.0222007613986184,0,0.101911560975177,0,0,0.0983239278821421,0.159307202642475,0.0072756280622148,0,0,0.192545549696189,0.00973841816059264,0
"GSM1621638",0.0351836604103575,0.0275316436158978,0.24840239032936,0,0,0.198500634375973,0.00486359404756918,0,0.0141822098481747,0.111805855014762,0,0.0127812060070982,0,0.0104659467313724,0.0169138648604631,0.250963150398951,0,0,0.0426150650807383,0,0.0257907792792826,0
"GSM1621641",0,0.0257262528266286,0.185326896139215,0,0,0.146215447616439,0,0.0511009306167651,0,0.0184444773550562,0,0.0788084212577225,0,0.0251221538944236,0.153953640508588,0.215741604262466,0,0,0.0816002770207417,0,0.0179598985019528,0
"GSM1621642",0.0743576942098531,0.0221353347802912,0.337074482516415,0.0153787364427479,0,0.0773824609661442,0,0.0441883440117661,0,0.0154780736336894,0,0.0399296891453605,0,0.122723349043582,0.12942977021708,0.0553078107774745,0,0,0,0.058328299417896,0.0082859548377002,0
"GSM1621645",0.0494630767812064,0.104668178543415,0.195001192618662,0.00991159961978263,0,0.138703480429847,0,0.0514401187936092,0.000131691932412888,0.0827840180325849,0,0.0534457556038583,0,0.0228988364027391,0.043181802882067,0.139659070606161,0,0,0,0.0888287391625414,0.0198824385911123,0
"GSM1621646",0.014983651226404,0.0188503393706552,0.201188761780092,0,0,0.0906162229041605,0,0.0158954391089307,0,0.0796389953092875,0,0.113580174395843,0,0.0267316812791351,0.115415228464608,0.158648192372967,0,0,0.123441822387188,0,0.0410094914007279,0
"GSM1621649",0.00850755264692113,0,0.348994588062781,0,0,0.166650691084004,0,0.0277762693733066,0,0.0142531933628809,0,0.0514067626675254,0,0.029661822091738,0.0557597221749497,0.216986954858604,0.00461206131476899,0,0.0686563800153406,0,0.00673400234718038,0
"GSM1621650",0.0233753798300734,0,0.139098156956049,0.0422150952484082,0,0.128568352370717,0,0.03472461657246,0.0325190229806855,0.0575900686603866,0,0.0712315057878368,0,0.0421194149858494,0.0556430555938804,0.294299872045407,0,0,0.0513070052358419,0,0.0273084537324052,0
"GSM1621654",0.0347379432237778,0.067151525574999,0.274067260667825,0.0225919494997166,0,0.0717400670285194,0,0.0295796373712111,0,0.0148748699698684,0,0.0354643004720113,0,0.0481333547919455,0.0952989396351067,0.0999966212270836,0,0,0,0.202421251099488,0.00295558530169744,0.000986694136750507
"GSM1621658",0.0415424269833668,0,0.251334677310828,0.0344613299622691,0,0.152507894356639,0,0,0.0129550874997099,0,0,0.0675341884123392,0.0116937133784949,0,0.0266174971789818,0.289232355810187,0.00519708762909295,0,0,0.06003985857842,0.046883882899671,0
"GSM1621659",0.00762667572094092,0,0.452775223344544,0.0919877573941255,0,0.0363210877547377,0.0232972710872103,0.0215675178556243,0.0154860237343393,0.0342152236907708,0,0.00248277283768246,0,0,0.0247399550547615,0.175832785557323,0.000291569811354774,0,0.0887283616412375,0,0.0246477745153485,0
"GSM1621663",0,0,0.410388667622949,0,0,0.1584433679533,0.00941947159258489,0.0139796344643714,0,0.0236418930370831,0,0.0674304146382379,0.000307846318885165,0,0.0704324758669271,0.130935707630584,0,0.00234561308117902,0,0.0537563912399198,0.0589185165539789,0
"GSM1621665",0.0254496968509053,0.039891363000962,0.0785147653409279,0.0498352958923063,0,0.239721308358728,0.00227501946139108,0.0167295848564379,0.00407968144331521,0,0,0.0719883714539641,0.0145850661419138,0,0.018410759720526,0.290188713230972,0,0.00821770737123563,0,0.101383611636279,0.0337560788442363,0.0049729763959
"GSM1621666",0.0165222785812662,0.0357966906124032,0.265764244749992,0.0230185897353696,0,0.177951428389345,0,0.0125858190025546,0.0125148890140325,0,0,0.0858996469367997,0,0,0.0284696776806848,0.226868634568467,0.00317367508806706,0,0.0826261136885294,0,0.0288083119524881,0
"GSM1621667",0.0420390127975448,0,0.244822611599795,0,0,0.222000625525402,0,0.00851587566617991,0,0.0235351343572678,0,0.0418728057707473,0,0,0.0159285012504823,0.323777262991287,0,0.00147224290298225,0,0.0652223095336605,0.0108136176046505,0
"GSM1621669",0.0110871109163407,0.00191845601634351,0.451423710859349,0.0140489190312645,0,0.121212205658116,0,0.0342765771939033,0,0.0520380295606749,0,0.0467235851551342,0.000933737682307326,0.0213893114602787,0.128696901687779,0.0366934848015343,0.00407756599958209,0,0,0.0506621366627178,0.0248182673146746,0
"GSM1621670",0.0996247612811207,0.298426912138585,0.0595655019374432,0.00885105230340931,0,0.10399440613285,0,0.0394803688462365,0,0.0569396085675021,0,0.0365099645742225,0,0,0.0433828877413296,0.172024368150202,0,0.0019598207738214,0,0.0542010252425686,0.0250393223107093,0
"GSM1621671",0,0,0.379818022560815,0.00267539641846713,0,0.130606877004769,0,0.000644616928945889,0,0,0,0.0344544567790546,0,0,0.0152766080314321,0.333927574285413,0,0.00137553131782648,0.101220916673276,0,0,0
"GSM1621674",0.0130373449012815,0.401946590159674,0.0459792471805492,0,0,0.173220802455038,0,0.0145653777556298,0,0,0,0.128888320115083,0,0.0549806633049937,0.0332366993022232,0.116799261694609,0,0,0.013451976411107,0.0038937167198114,0,0
"GSM1621677",0.0534028566080764,0,0.159122663773519,0,0,0.167711158433062,0,0.027793549193982,0,0.0464478759872582,0,0.0727865460765436,0,0,0.173069215928058,0.242260489370423,0,0,0.0189325988076372,0,0.0384730458214418,0
"GSM1621679",0.0286587587838585,0.0335543141817792,0.314233681670648,0.0563926934467553,0,0.0723205138783656,0,0.0192923598942616,0.00798004735947372,0,0,0.0730796584510988,0,0,0.0207520448196801,0.294696146732206,0,0,0.051377618740943,0,0.0276621620409295,0
"GSM1621684",0,0.532658794703206,0.0514170519462982,0.0175004828227475,0.0150131702748303,0.0809770000685811,0.000204368797103872,0.0567320523325317,0.00564896445081041,0.0456515666691578,0,0.0238673756047436,0,0.0114877064960363,0.0543710497547798,0.0780529791742813,0,0,0.00489579600995871,0,0.021521640894933,0
"GSM1621686",0.0339911118251467,0.0206479420814719,0.317809936316553,0.0969116218934222,0,0.0470417868967123,0,0.0448130115088207,0.0126578307726913,0,0,0.0757832909316786,0,0,0.0404064938502998,0.243704438109455,0,0,0,0.0574688000301209,0.00876373578362774,0
"GSM1621687",0.0181191195602802,0.00248352196262905,0.276077483645886,0.0262258645912887,0,0.111082503701303,0,0.0467406977339398,0.00170018220401981,0.00216372071161302,0,0.0731592893109626,0,0,0.0606412923277654,0.216665359904916,0,0,0,0.090612255071361,0.0743287092740356,0
"GSM1621689",0,0,0.425969685554085,0,0,0.0173711678474136,0.00882502423176945,0.0166735292037198,0,0.0472021235723828,0,0.0486789418771911,0.0214866341758191,0.0161989029350259,0.0764127878179684,0.113965185013616,0,0,0,0.12102653303906,0.0519458631415276,0.0342436215904212
"GSM1621691",0.0164650063706587,0.0362066402008544,0.560093490806113,0.0426560348742176,0,0.0229030392715775,0,0.0362537909695797,0,0.0318310767237589,0,0.0433905276538458,0,0.0358671899426287,0.0396102448159701,0.0969896137857626,0,0,0,0.0242561549206796,0.0134771896643531,0
"GSM1621695",0.0280391946930312,0,0.260255334170975,0.0152003525630597,0,0.119247620873806,0,0.0415718889357856,0.0120812207371013,0.0494935789296026,0,0.0562364885883725,0,0,0.00910271149973992,0.295117576903222,0.0190072166743796,0.00588853589790106,0,0.0250384202245465,0.0637198593084764,0
"GSM1621698",0.0404239725060419,0.123826502817344,0.225359827880276,0,0,0.123957401050639,0.0191695704986083,0.00440142107758184,0,0.0544219619568093,0,0.0202267441576991,0,0.0578412161593262,0.129859405427111,0.051632349390343,0,0,0,0.123108337894629,0.0203951565756603,0.00537613260793118
"GSM1621700",0.0669591884519774,0.0354789908937282,0.257538995230682,0,0,0.0800928025466523,0,0.0424270093094531,0.00838618582520819,0.0806749854562735,0,0.0278936000619259,0,0.0581495260201538,0.0885894763893888,0.0642451105556155,0,0,0,0.153020787274124,0.0365433419848174,0
"GSM1621703",0.0219768534228644,0.0256737357385366,0.274631296487523,0.0768105999368841,0,0,0.00996681894909526,0.0883790934307355,0,0.0496978451231931,0,0.0519417784802925,0,0.0202526682862329,0.121931994908062,0.151893443191778,0,0,0,0.0839364942216145,0.0229073778231882,0
"GSM1621704",0.0580819475576991,0.0730333036547627,0.207207342367274,0,0,0.0437352850812109,0,0.0455113718205744,0.00402909102055449,0.0965039598659061,0,0.0340017112551408,0,0.0984135987997921,0.0958827527917104,0.0471785441959356,0,0,0,0.171318720160582,0.0244797529908445,0.000622618438013244
"GSM1621708",0,0.114613091517517,0.276087377134837,0,0,0.0615861187960319,0.0598984910265249,0.0192187565512091,0,0.075956716961469,0,0.0281888194299943,0,0.101340890998588,0.11595327209887,0.0648427934979815,0,0,0,0.0629161212820814,0.0032580729143554,0.016139477790541
"GSM1621710",0,0.249163542741839,0.0647665971146135,0.0364942794379574,0,0.145526528008903,0,0.0513394452193935,0.0252487726445336,0.0390441594497201,0,0.0602526487905031,0,0,0.0283622618763137,0.237377940842975,0,0,0.0154434432000269,0,0.046980380673222,0
"GSM1621711",0.0605477543008072,0.166094434087387,0.0500437892383773,0.0130606248070635,0,0.230010086431242,0,0.0116249254958087,0,0,0,0.0806377685126512,0.00660289295670013,0.00193695735851395,0.0856566441021449,0.12654421511156,0,0,0,0.125861026346852,0.0413788812508934,0
"GSM1621712",0.0100562580691935,0.0206682708962074,0.302360610062773,0.0308523291114428,0,0.19943276020451,0,0.0171967530952489,0,0,0,0.078476148297325,0.00467345183755798,0,0.0401773731359305,0.233452065146528,0.00377424072498559,0,0.0441254338895791,0,0.0147543055287179,0
"GSM1621714",0,0.0850665455338727,0.153221434905767,0.0570805840427775,0,0.146907086109073,0,0.0368258692291006,0.00654941405247904,0.0407250760108425,0,0.0923128586878448,0,0,0.0750156388234296,0.162380782787754,0.00546841476391691,0,0,0.121184617712801,0.0172616773403407,0
"GSM1621715",0.0842912746380299,0.132268193643462,0.220204292944593,0.0486347737909719,0,0.0424347083611415,0.00615875355355928,0.0403134471418826,0,0.0772219765694101,0,0.0109712443755102,0,0.0316647234616772,0.117211087083565,0.0551073283059346,0,0.000154363427659689,0,0.132231974928955,0.00113185777364864,0
"GSM1621716",0,0.0279820215231083,0.440586942683436,0,0,0.0656818249763017,0,0.0315732538214566,0.000337072726785814,0.0265684677072519,0,0.0337323395574032,0,0.153784694686281,0.0741578604682442,0.084498772023053,0,0,0,0.0541366944732367,0.00591718835711409,0.00104286699632814
"GSM1621718",0,0.0029116048493707,0.343072961860825,0.0243757159583777,0,0.130748227617045,0,0.00390662284650209,0,0.00386962921252593,0,0.0464486384449116,0,0,0.00993095879535862,0.272589073534394,0.00119683804306678,0.00556357673658621,0.0917054553637014,0,0.0636806967373353,0
"GSM1621719",0,0.04188023208343,0.248729309826454,0,0,0.0900326418698069,0,0.0230974655868073,0,0.0101482611597728,0,0.016898004921481,0.00639384613765054,0.0763306099196218,0.0944733847311242,0.0229020533591336,0,0,0,0.242737362673746,0.063277059892361,0.0630997678386112
"GSM1621720",0.0299800260570505,0,0.634913109792564,0.00719788370119242,0,0.0648104492312622,0,0.0118896290329099,0,0,0,0.0320374488526076,0,0,0,0.114753233977642,0,0.0231883777006119,0,0.0692210781619128,0,0.0120087634922463
"GSM1621724",0.0998332209296837,0,0.0351915423111535,0.093016807944817,0,0.15553954666236,0,0.0681196379958305,0.0169578704892147,0.00201361864657056,0,0.096059646373072,0,0,0.0260637013540066,0.28299613712215,0,0.00564013841769941,0.102384818450523,0,0.0161833133029188,0
"GSM1621726",0.0099250003531659,0,0.398360514623038,0,0.0155310429991754,0,2.53540929466892e-06,0.0237294389081157,0,0.0284131652665316,0,0.0724527089240472,0,0,0,0.305794022358197,0,0.0103831737403769,0.118540683875003,0,0.0149008945761357,0.00196681896691958
"GSM1621729",0.00108728381061643,0,0.147350297447165,0,0,0.0150493081600434,0.0141474686991908,0.0135350191908811,0,0.0655869649129557,0,0.0237761580165001,0.0578018758845599,0,0.0582052626035805,0.0644301399132312,0.000662693002871671,0.0103453931385409,0,0.250631622853241,0,0.277390512366622
"GSM1621731",0.014244810340263,0.0360684032901992,0.27998715890257,0.0107804020358285,0,0.0486993618941994,0.108089468139091,0.00358698809471318,0,0.00847291165937878,0,0.0166718071439749,0.0122921188430384,0.0094769588918712,0.228919439348752,0.0247630132324605,0,0,0,0.127659029692969,0.00969707428794819,0.0605910542027432
"GSM1621733",0.0196618794342891,0.0345050987899648,0.229191120123448,0,0,0.0504636151350798,0.0729856318094363,0.0064624770506865,0,0.022605764793136,0,0.0108541451021897,0.0495071535029717,0,0.0965558173262348,0.0144420655104117,0,0.00886482323131914,0,0.251281516524568,0,0.132618891666264
"GSM1621734",0.0383469082381308,0.0246813391905334,0.206473732046505,0,0.0757865662251564,0.0101412748983511,0,0.0471181651156158,0.0150209096919178,0.0482527374002958,0,0.0627952694445048,0,0.0447882653272773,0.121957100226684,0.226122717032348,0,0,0.0329598051404073,0,0.0455552100222718,0
"GSM1621738",0.00564130069415297,0,0.507542578020012,0.0054200137247769,0,0.0847103066127902,0.00912841675504528,0.0133646997198211,0,0.0247302160818888,0,0.0374881356523255,0,0,0.0154652274171124,0.238209441522309,0,0,0,0.0273741255371745,0.030925538262592,0
"GSM1621739",0,0,0.378815977142332,0,0,0.0807041809076636,0,0.0151417123557273,0.00494338549809674,0.0251445385984216,0,0.0362501813043432,0,0.037279749843063,0.0407067674781279,0.110010404410488,0,0,0,0.210686773575738,0.0447956532754207,0.0155206756105783
"GSM1621742",0,0.0345980939163177,0.352830684450936,0,0,0.0309930749407364,0,0.0285904289621157,0,0.0786326221994696,0,0.00988046307407583,0,0,0.0189399349338098,0.0375061650962552,0,0.00391075560504857,0,0.218877617443651,0.0570454683654212,0.128194691012163
"GSM1621743",0,0.0198198490471254,0.327098498772675,0.037414219554799,0,0.147585073101504,0,0.0136596677308211,0,0.0136196658203595,0,0.0454237949380495,0.00882540637378993,0.0214468130268883,0.0673622435242579,0.156836633256811,0,0.00293981767472774,0,0.0992434161505784,0.0368934409436236,0.00183146008398973
"GSM1621747",0.0115052685122693,0.103785387960693,0.298649988969659,0,0,0.0599970912908058,0,0.0377352890315608,0,0.0691010532361097,0,0.0419151235934674,0,0.0397558533024618,0.105160240480379,0.116916501429383,0,0,0,0.106611677315184,0.00886652487802839,0
"GSM1621750",0.00105859424215436,0.0864281581430996,0.301591267478837,0.0270768005233915,0,0,0.0260495219007871,0.057640088153278,0,0.0696979228084452,0,0.00521094467563561,0,0.00388801548066655,0.103356748275688,0.0849644504817129,0,0,0,0.23042631468183,0,0.00261117315447435
"GSM1621753",0,0.00641198665804005,0.378962845003273,0.0255621128470822,0,0.190135472464174,0,0.00675746262280865,0,0,0,0.0421378610097579,0.00159340207600197,0,0.0177433770564588,0.234118139797776,0,0.00576401540534886,0.0335927032336629,0.0204977147718891,0.0367229070537266,0
"GSM1621758",0.0537890989750665,0.132024300663277,0.0487676715133219,0,0.00501561159051603,0.109488612129236,0,0.0537200046791807,0.021205598711653,0.125579360422502,0,0.116276435825508,0,0,0.0460452448399165,0.153051300464092,0,0.00750772707368875,0.127529033112041,0,0,0
"GSM1621759",0,0.0335866679866313,0.266524042449638,0.0859389331717329,0,0.0822909195873015,0,0.0448084374298323,0.0308436660245264,0.0182066841045624,0,0.0792266890561503,0,0,0.0262450459911209,0.241216891526335,0,0,0.0500080609007275,0,0.0411039617714419,0
"GSM1621761",0.031395612549537,0,0.1062457768809,0,0,0.183438591676775,0,0.0231843867386043,0.0171822441183751,0.115096945459236,0,0,0,0.00470774461189351,0.0839891354395201,0.267200072478562,0,0,0.120712286533626,0,0.0468472035129722,0
"GSM1621762",0.0175041098312757,0.0700211018113439,0.4482533692644,0.0100065875594785,0,0.0083553733435558,0,0.0289027814771302,0.00283594213735904,0.02976872420529,0,0.0309702380112384,0,0.134682583374552,0.0413636692488636,0.0661111692083155,0,0,0,0.0978301674764306,0.0133941830507665,0
"GSM1621765",0,0.0335543157736455,0.305590625396311,0.0146782627716304,0,0.132908330480128,0,0.00479132331246057,0,0,0,0.0240504929061328,0.00663774805279855,0.0674629663412988,0.11526932427807,0.0352969047286235,0,0,0,0.199113486252336,0.0280886255868884,0.0325575941196766
"GSM1621766",0.0256354166992483,0,0.335224186942322,0,0,0.206421027850841,0,0,0,0.0311416057812745,0,0.0367249942481116,0.0228548650334387,0,0.090678146138735,0.188407779165838,0.00723760492610409,0,0,0.0556743732140869,0,0
"GSM1621769",0,0.0423353808407494,0.246429160982422,0,0,0.0502837741968195,0.00327040533862613,0.057991432465057,0,0.035388543581502,0,0.0582590805997518,0,0.0970066722076978,0.0911188671504606,0.124079205797941,0,0,0,0.188705899932224,0,0.00513157690674964
"GSM1621770",0.139353416436596,0.0955532424214206,0.0669376005650142,0.00794530572977111,0,0.160342710370243,0,0.0437451869464732,0.00426713953920706,0.00943338744834426,0,0.0922897416978632,0,0,0.0845111071030682,0.222551789327379,0,0.00788632193394002,0,0.0343633921652358,0.030819658315444,0
"GSM1621773",0.0766974302178052,0,0.262673894271998,0.0215547864264234,0,0.12100191615,0,0.0296705293183141,0.0100544239550679,0,0,0.0840501366338502,0.00188537632983705,0,0.126795912096174,0.187006397167066,0.00703613931170814,0,0.0410187183302377,0,0.0305543397915184,0
"GSM1621778",0,0,0.385501697448941,0,0,0.159811994368847,0,0.00369285728724051,0,0.0234227352398233,0,0.110886351712191,0,0.0298324897331047,0.0755553414775876,0.127440382530178,0.00801656873285984,0,0,0.0758395814692263,0,0
"GSM1621781",0.0773932407952953,0,0.269554610031153,0,0,0.168227692696844,0,0.0169189525541307,0.00563096927595806,0,0,0.0974449135816942,0,0,0.0174285105275332,0.289722456867533,0,0.00460949201672418,0.0201496348644092,0.00320338456484827,0.0297161422238776,0
"GSM1621785",0,0,0.396030495519009,0,0,0.139388511844493,0.031642194886878,0.0137483156394429,0,0.00833737710640686,0,0.0251147305106639,0,0,0.0390773340421285,0.17977754761798,0.00110063814183718,0,0,0.161236903869154,0.00434175712693602,0.000204193695070657
"GSM1621786",0.0201491052961522,0.033638696722326,0.176576798043154,0.0212435264953189,0,0.0453674429173495,0.0350957498940742,0.0194668950743206,0,0.034885917908186,0,0.0264556920270449,0.0174823979417254,0.132846308696676,0.157296791342541,0.0332961462854473,0,0,0,0.215704317432995,0.00582859376599225,0.0246656201566976
"GSM1621793",0.0377215103954717,0.00166106199056717,0.24764205313093,0.0630875149443777,0,0.202014024415521,0.00116872179665921,0.00138342381965381,0,0,0,0.069311414362215,0.00246131032889184,0,0.102318715363588,0.193149485152056,0,0,0,0.0544777219506344,0.023603042349434,0
"GSM1621794",0.0122823186748412,0.0575891084319858,0.217160728754543,0.000555118220541434,0,0.0607714974427097,0,0.0354539736712115,0,0.0356528989524192,0,0.0334650983918268,0.0261555071001931,0.105697543381898,0.111662490367567,0.00600080095824022,0,0,0,0.233027045631178,0.047501425721958,0.0170244442988871
"GSM1621798",0,0.0431301666101352,0.343828100155396,0,0,0.062867265419787,0,0.0292801181201485,0,0.0483924914374664,0,0.0171951176394997,0.0289160714800553,0.02000419034858,0.123367463502474,0.0288170118320848,0,8.58353709291387e-06,0,0.189658718406866,0.0160397470535182,0.0484949544568968
"GSM1621805",0.0303562603120496,0,0.290808700861781,0,0,0.118452956509583,0,0.00531934295826644,0.00520306180736495,0.036838311831855,0,0.138601927727479,0,0,0.0336619684052683,0.198043500789228,0,0,0.135335097879892,0,0,0.00737887091723328
"GSM1621806",0,0.041620440210186,0.297314328582172,0,0.0102054851288017,0.0819624341881735,0,0.0158000998753188,0,0.0517284146734288,0,0.035590891763719,0,0,0.0265380525794054,0.336252982582847,0.00538671823363573,0,0.0696129061030558,0,0.0279872460792562,0
"GSM1621809",0.0868998342223078,0.152413014486202,0.0315534507286539,0.0442787069642765,0,0.146019018900577,0,0.0512066682730552,0.00395646085433094,0,0,0.122258058539314,0.0150818025031784,0,0.0447683634125421,0.170149646801367,0,0.0147157232022774,0.0757946925428968,0,0.04090455856902,0
"GSM1621810",0.0291036158898147,0.0890958151931291,0.32412906460179,0.0192481987521875,0,0.0665619098892419,0,0.0455374855312774,0,0.0951685058372668,0,0.0215544106016346,0,0.0490063912992643,0.0806237362240542,0.0885093671766497,0,0,0,0.0560409141325612,0.0354205848711284,0
"GSM1621816",0,0.00875897585779001,0.427571215144657,0.00855795941911659,0,0.0772132063130645,0.0155253467045706,0.00993403680988837,0,0.0308412400287912,0,0.0559857430265753,0.0461153662239932,0.0169437885356461,0.0753112209879982,0.146108995567583,0,0,0,0.0539109649966832,0.0202462948594726,0.00697564552417087
"GSM1621817",0.0739247543714556,0,0.116367800862952,0.0800749051734492,0,0.162873233775633,0,0.0258056059662971,0.00789320119729814,0,0,0.0328329778614241,0.00611659769543052,0,0.0757621145067878,0.322998068837466,0,0.0111703065902282,0.054737020399683,0,0.0294434127618957,0
"GSM1621820",0.000541537496926103,0.00981871500965651,0.3852659233676,0.0242631680750479,0,0.0743958480815899,0.0139305446918677,0.0248501134536871,0,0.0359563830539053,0,0.0792456497343368,0.00196155880386219,0.00924076001878845,0.13258662865288,0.0812361574446119,0,0,0,0.103206958846054,0.0168209630268069,0.00667909024238
"GSM1621821",0.0123305023559018,0,0.343356820122763,0,0,0.068936708993168,0.010868261124572,0.0196678218160572,0,0.0372193473365053,0,0.0329219890892503,0,0,0.0714827121673358,0.171135795662849,0.00849061694168528,0,0,0.190201351547629,0.00939628512405544,0.0239917877182282
"GSM1621824",0.00599881971792372,0.279492290328609,0.138615617194423,0.0825581392758977,0,0.0580319953709272,0,0.0629359241510812,0.0157742657110927,0.0123999370692561,0,0.0672626248814577,0,0.0262274671012174,0.0603354357609898,0.139043234441193,0,0,0.0216063843681269,0,0.0297178646278044,0
"GSM1621827",0.0368883363168528,0,0.257733280411758,0.0290733333523678,0,0.223978347157271,0,0.0126577794085755,0,0.0152030894798629,0,0.0994306220078073,0,0,0.0174531502635026,0.192138313128217,0.00259080146436491,0.0062530221508416,0,0.0746366078981076,0.0319633169604713,0
"GSM1621831",0.00348242814838044,0,0.336765747771367,0,0,0.13304995773206,0,0.00133261331593148,0,0.055036151211756,0,0.0327267033666694,0,0,0.0411490929655703,0.181559541359576,0.00301243695232231,0,0,0.211885327176366,0,0
"GSM1621836",0.0317162130476835,0.0174402465760027,0.297389898812872,0.034179537451838,0,0.1057361921771,0,0.0459524878528492,0,0.0192845056832043,0,0.0631928199939712,0,0.00160180739208253,0.087636306820436,0.18340935039583,0.00490783726952396,0,0,0.0568813513507526,0.050671445175855,0
"GSM1621839",0.00304124629660481,0,0.302913315796687,0,0,0.0811291127925388,0,0.039607313396083,0,0.0886901860349308,0,0.0511880658268208,0,0,0.0934159714364472,0.180688440929043,0.0130478321327762,0,0,0.139615770676415,0,0.00666274468165391
"GSM1621840",0,0.0424294514936981,0.265028315129686,0,0,0.112774289861243,0,0.0157673945114146,0,0.0648720547910217,0,0.0907398922543934,0,0,0.0191624589324758,0.261865262253049,0.00378064828108768,0,0,0.112379683427851,0,0.0112005490640801
"GSM1621844",0.129596113725285,0.0678326163304632,0.22649848445661,0.0168440670746385,0,0.073750346310619,0,0.0537348891476326,0,0.0326748656871912,0,0.0275241573515684,0,0.0865773299343367,0.110384923468691,0.0489481190022143,0,0,0,0.105778328312136,0.0189084914882208,0.000947267710393147
"GSM1621848",0,0.0498876360382992,0.380274292558215,0.022157744413817,0,0.0855645522525191,0,0.00669808167208529,0,0.0351960388155156,0,0.0275871768461696,0,0.0600762528889249,0.0652422632244643,0.118036224874957,0,0,0,0.102601293765675,0.0368152951948745,0.00986314745448246
"GSM1621851",0.00881415901331032,0,0.243329562379333,0,0,0.158748967986963,0.0099729096412487,0.0127005543651217,0,0.0430113312436875,0,0.0341843637548911,0,0,0.0465759030625361,0.319487832537205,0,0,0.123174416015704,0,0,0
"GSM1621852",0,0.0461033281396197,0.16310036515479,0,0,0.0667538611133335,0.00674266794805962,0.0227480687910339,0.0221541318213386,0.11498753286145,0,0.0346816032831402,0,0,0.00564272785621575,0.343336123721327,0,0.0242072234465849,0.0950795382521659,0,0.0544628276109413,0
"GSM1621855",0.080305462098188,0,0.076933533398576,0.0237786072235852,0,0.204184967989841,0,0.0155885964922944,0,0,0,0.0787659717658474,0.00314222861997221,0,0.0796891245793534,0.32974956817207,0,0,0.0750949287001057,0,0.0327670109601661,0
"GSM1621856",0,0.07212521084477,0.323056200758303,0.0204897165990117,0,0.118095611480836,0.0115188888640078,0.0307486447038907,0,0.0743556736064405,0,0.0219978450742216,0,0.0483362941497989,0.0954753959512626,0.0808301645646171,0,0,0,0.0703545436819116,0.0326158097209281,0
"GSM1621857",0.0158540620891501,0,0.358085964817125,0,0,0.0578406261997131,0.00874016818624363,0.00362588128070571,0,0.014996033430551,0,0.0476228544746148,0,0.061302497644473,0.0841970739591722,0.0816460945738957,0,0,0,0.253137855048473,0.0069916372155347,0.00595925108034792
"GSM1621861",0.0201481342245361,0,0.27532101975366,0,0,0.126303341316869,0,0.0320103669386469,0,0.02953227150429,0,0.0595482049478921,0,0,0.121911394558121,0.25518801817893,0.00930380023349028,0,0.0707334483435649,0,0,0
"GSM1621862",0,0,0.253039779773868,0.0202653680355161,0,0.116502131136937,0,0,0.00850369287943025,0,0,0.0478754374751241,0.00334931321639942,0,0.0271316537252189,0.401489122791292,0.0104901205722902,0,0.0687821407145623,0,0.0413098922778231,0.00126134740153816
"GSM1621863",0.048469079217971,0.0261160476333022,0.0890754464831727,0.0109794019373673,0,0.161978984485637,0,0.0659530410460698,0,0,0,0.123839486033929,0.026177488022431,0,0.0739450569601041,0.321835727223735,0,0,0.00202882147806935,0.0496014194782113,0,0
"GSM1621864",0.0151310074202336,0,0.30292485740821,0,0,0.138246622826974,0,0,0,0.0337291231514709,0,0.0922997763523683,0,0,0.0322268994118442,0.169539952324004,0,0.00967628451948705,0,0.136930676539764,0.0584292111460743,0.0108655888995695
"GSM1621865",0.00315610647490993,0.0745439213652512,0.251605806397981,0,0,0.141495679584409,0,0.0282491687703537,0.0127964540086012,0.0470778936350612,0,0.0643134200735592,0,0,0.0343330157433519,0.249570585542604,0,0.00064948130249466,0.0132579818514282,0.0263177547260407,0.052632730523955,0
"GSM1621867",0.00881947527765376,0.0243332868751249,0.24281288058844,0,0,0.11925315765668,0.0890217385850509,0.0227197640935377,0,0.0239699998699594,0,0.0650201384633264,0.00886275360698647,0,0.0765125400869319,0.114812151722213,0,0.0086154159082481,0,0.11895128947359,0.0537922769801984,0.0225031308120592
"GSM1621869",0.0432741777080112,0.128342114712257,0.273089758080287,0,0,0.109441549104266,0,0.033232418350863,0.00489151694281191,0.0585239158886161,0,0.051572869358003,0,0,0.0204295205775551,0.17885269949824,0,0.00042090661344781,0,0.0535532821887735,0.0443752709768689,0
"GSM1621871",0.0599034831723054,0.0505984763984017,0.181924964315288,0.014857237596103,0,0.192329050759885,0,0.0211085448293794,0,0.0110759989569346,0,0.0606909435711086,0.000806547832408077,0,0.0685449893775529,0.265339430142962,0,0,0.0153234570417404,0.0533129803879053,0.00418389561802554,0
"GSM1621873",0.0287283890691892,0.162959957175752,0.313122577005477,0.00645834920219755,0,0.0305499998570916,0,0.0410045392540273,0.00177218605496135,0.056601217906633,0,0.0480901401624114,0,0.0248847840234947,0.024238739397852,0.154350309741623,0,0,0,0.090359566719107,0.0168792444301834,0
"GSM1621876",0.00206491316044194,0.0458629609672964,0.372930511288332,0,0,0.0525118414533521,0.0213032389138174,0.0143092502506621,0,0.057899554352706,0,0.0245984062122415,0,0.065654623417515,0.102521350297669,0.0703483846142826,0,0,0,0.161338253414702,0,0.00865671165698285
"GSM1621877",0.0231323226251667,0.188893630595963,0.157797114914826,0.03137544290595,0,0.170416641578441,0,0.0172500879237691,0.0150510986436913,0.0357514692770226,0,0.0499653473534909,0,0,0.0405701130761425,0.192191539115095,0,0,0.00686893581694439,0.00979186251716315,0.0609443936563338,0
"GSM1621880",0.0226029293225682,0.139885575756745,0.153219651046603,0.00116641054826871,0,0.151286932024063,0,0.00644649541073812,0.00898174361121004,0.0237915571806688,0,0.0925725120648695,0,0,0.0577453872265006,0.260302586503462,0,0.0123168957461153,0.0696813235581878,0,0,0
"GSM1621882",0.15852321357347,0.0130657359182964,0.253807186589383,0.0202834939677297,0,0.0180196260378915,0,0.0417031700415427,0.0109876821214543,0.0649263646316149,0,0.0307921723606913,0,0.0529329928375115,0.0939397563536157,0.0804184526347247,0,0,0,0.126075993617566,0.0345241593145081,0
"GSM1621884",0,0.068986929886814,0.176640417520142,0.017208048606377,0.00621313053069458,0.0392846070736291,0.0191763657564197,0.0176200190884772,0,0.0956791006499339,0,0.0278230510161827,0.00778609312589626,0.0665741423413245,0.120393907900757,0.0295429091194044,0,0,0,0.193317810184949,0,0.113753467198999
"GSM1621885",0.0569920549378372,0.20925839362042,0.166178198924106,0.0500850985998419,0,0.0457658650169624,0.0219880313729678,0.0609980373542121,0.00801132195585096,0.0670461969933363,0,0.0248414408985085,0,0.0618529835437358,0.0823692882207768,0.117487113352218,0,0,0.0271259752092258,0,0,0
"GSM1621886",0.0031216914528827,0.00757834154451373,0.193050969399859,0.0664120563622259,0,0.155604847172409,0,0.0110983257939591,0.00658517289346839,0,0,0.0618591774441915,0.0161104424426671,0,0.0368749473850707,0.313206902818077,0,0,0.0884484144628647,0,0.0400487108278116,0
"GSM1621888",0,0.0708421773102636,0.180187456027545,0,0.00495450856977078,0.0535729806645963,0.0217141383724725,0.0138157381404358,0,0.125130372454353,0,0.0356093545019193,0,0.0508564406732399,0.126203677204033,0.0561433139002251,0,0,0,0.185795838877932,0,0.0751740033032132
"GSM1621891",0.0532139643497922,0.0619882309788793,0.208094008278095,0.0504039548761586,0.0230791657856634,0.047102510285985,0,0.0254535758912929,0.00720232539755489,0.0365104921538212,0,0.0589374050316488,0,0,0.104257725795946,0.28193052965664,0.00603272354390264,0,0.0155832994526266,0,0.0202100885219936,0
"GSM1621895",0,0.00581103792738136,0.457947085121916,0.00371377596150777,0,0.0464581282854296,0,0.0188889555488833,0,0.035061798830191,0,0.0309295684578004,0,0.0769343785400165,0.0416858193107571,0.139322819550509,0,0,0,0.119732281789057,0.0235143506765501,0
"GSM1621897",0.0722982213067764,0.223625724351069,0.0916493584567822,0.0341651287738618,0,0.164834271236537,0,0.0565177709753827,0.00027547365936737,0.0122436682641047,0,0.0713680845901233,6.42385433119026e-05,0,0.0554060182989056,0.178338874836626,0,0.0066603907581247,0.0275747001982289,0,0.0049780757507979,0
"GSM1621898",0.030445036780257,0.013351307642154,0.313822523341024,0.0388475317768038,0,0.0561720141035975,0,0.0263170934424226,0.00576656741117585,0.0358823780749862,0,0.0676180890566143,0,0,0.0341157539022341,0.266560083459016,0,0.00811227637011161,0.0268703328742051,0.0107582353986639,0.0653607763667334,0
"GSM1621899",0.0329271569443739,0,0.35700118221857,0.0360021621815912,0,0.124480032195602,0,0.0149385014392242,0,0,0,0.045382463842022,0.00455134303609199,0,0.0340823289449865,0.209099411573073,0,0,0.054289135763211,0.0235515910483739,0.0636946908128806,0
"GSM1621901",0.00620611420834743,0.0280039987975858,0.085488216799196,0.00522213505307036,0,0.249160392761978,0.0445447756246458,0.0466670838008056,0,0.00582252202661653,0,0.0674358509570864,0.0141820920577687,0,0.0628425029470378,0.263612253480291,0,0,0.028320050261181,0.0740558921815167,0.0184361190428727,0
"GSM1621902",0.0525084024819937,0.0484682184311102,0.233082902025926,0.0465151178845444,0,0.150194637810642,0,0.022457881078145,0.000832858480734286,0.00767050998152876,0,0.0685119346006985,0,0,0.0548275016476455,0.241925558114351,0,0,0.037651979939007,0,0.0353524975236737,0
"GSM1621903",0.0628799678443909,0,0.281452685682131,0.0432772029321762,0,0.136644487893968,0,0.00186661549933589,0.00665337246534886,0,0,0.0488776663432189,0.00431236751844648,0,0.0165281044825856,0.299894923068936,0.0162575900374869,0,0.0636334441071482,0,0.0177215721248272,0
"GSM1621906",0.0512293075387914,0,0.369585286256159,0.0522797533455928,0,0.0834012675998527,0,0.0230864708939913,0.00485352466750675,0,0,0.0868962390720246,0,0,0.0621183583012208,0.230573980123873,0,0,0.0174695993538956,0.00226941802667633,0.0162367948204155,0
"GSM1621907",0.0111767991852758,0,0.222803536655252,0,0,0.113195914011233,0,0.00424768116433027,0.00692980728592593,0.0694495109976991,0,0.0364844326391013,0,0.00467739950673415,0.0389861032426451,0.337070240021043,0.00594009198141026,0,0.0975163666088484,0,0.0515221167005014,0
"GSM1621908",0.0523736874670982,0,0.252311832586656,0.0146547723795525,0,0.137452859989976,0,0.00514080850675316,0.00754890091403388,0,0,0.081066466494345,0,0,0.0486889464941911,0.292424316551192,0,0,0.0744148097609266,0,0.0339225988552759,0
"GSM1621909",0.0218923744966212,0.149105119507646,0.0490822405769553,0.020914774229842,0,0.145148142265857,0,0.0382662679882532,0.0451140456934004,0.0079253475489675,0,0.0908151217851599,0,0.0724189014621805,0.0687059079055216,0.234569924658369,0,0,0,0.0466061513776503,0.00943568050357589,0
"GSM1621910",0,0.00605542911096505,0.566683989449594,0.00650979814935673,0,0.0540431815840809,0,0.0117524018119299,0,0.00847236559875136,0,0.0522457702574327,0,0.0629120974962869,0.0216612599874381,0.127634699032162,0,0,0,0.0631892156062395,0.0188397919157624,0
"GSM1621911",0.00904618332340461,0,0.28604114521112,0,0,0.16694793700306,0,0.00622935660671671,0.00340562713477413,0.121227517407464,0,0.0536683210429629,0,0.00692187119806688,0.0151182120886309,0.213333075806397,0,0.00889927848501801,0.109161474692386,0,0,0
"GSM1621913",0.0938588158713135,0,0.197507504428649,0.0615213262381857,0,0.231927521525864,0,0,0,0,0.0122145112451093,0.046885469749636,0.0266794447785224,0,0.0275412440154741,0.153617054861756,0.0192217498703311,0.00121234628035769,0.0611860758159193,0,0.0666269353188809,0
"GSM1621914",0.000668294709376199,0,0.468591918494165,0.0123766846954118,0,0.0857468844143618,0.00499720984970249,0,0,0,0,0.0484302984943797,0.00232191370194262,0.0328385095018861,0.049641783028784,0.152709006795783,0,0,0,0.133579431894015,0,0.00809806442019214
"GSM1621915",0,0.0269524249385126,0.467181091240942,0.0153902487177798,0,0.126407344888264,0,0.0171822160377125,0,0.0205857533413782,0,0.0498664968097909,0.00245046712220322,0,0.0565893226634523,0.148405787226829,0,0.000208783733416392,0,0.0367941300881737,0.0319859331915447,0
"GSM1621917",0.010069992490903,0.00634141419148117,0.379933290166285,0.0285265793445485,0,0.0392089299371631,0.0147297396423173,0.020238595372118,0,0.0164990080986634,0,0.0199973354899907,0,0.104624393227286,0.109296823282476,0.125134617626777,0,0,0,0.120226389890413,0.00364377694393614,0.00152911429564206
"GSM1621919",0.000710686137594522,0.121784056202308,0.0854687786329956,0.0145721234035394,0,0.16774748825957,0,0.0103336827368756,0.0157434239779748,0.0146665358566114,0,0.10030969832009,0.000955734606808517,0.00593872704647112,0.0681415656559647,0.146418884981032,0,0.0131168093220982,0,0.0905866580903769,0.143505146769689,0
"GSM1621921",0.0484329427083445,0.0211653068823729,0.0752619368370312,0.0962103183915805,0,0.117000142577114,0,0.0577411085555038,0.00322046879793276,0,0,0.0280905887483808,0,0,0.0651759293362562,0.257653953663777,0,0.0344741349980545,0,0.0988759388583852,0.0774635857789615,0.0192336438663058
"GSM1621923",0,0.0901360341951878,0.177671768970343,0,0,0.0787059201359156,0.0486460128362554,0.0137435253008572,0,0.0845761817910052,0,0.0272010829011218,0,0.0920108401644512,0.159522138371811,0.0696065103846306,0,0,0,0.125333776711377,0.00809926238372869,0.0247469458533156
"GSM1621924",0,0.0902468565266937,0.173059829747648,0.0387880481860255,0,0.160859057246461,0,0.0248189483578301,0.0215947342115871,0.0450468259492937,0,0.075346719488663,0,0.0107800867879516,0.0463823317544052,0.187494395960239,0,0,0.0739384498548268,0,0.0516437159283755,0
"GSM1621927",0.0179410867888916,0.0210614762682187,0.346157233983887,0.00833484918597844,0,0.0540686969114391,0,0.0370911228693405,0,0.0444360133754291,0,0.0427678233775368,0.00374967477902223,0.000429602974387598,0.0745384608372191,0.180651353069375,0,0,0,0.128663692861749,0.0401089127175255,0
"GSM1621928",0,0.00766626811735499,0.378007482688697,0.0135975752967227,0,0.0894821078517029,0.00868447717195764,0.0235230086289892,0,0.00721917316801488,0,0.0737221642352196,0,0.0338592238113493,0.128225492723513,0.105955410637927,0,0,0,0.109677957570132,0.0189014842922109,0.00147817380620857
"GSM1621931",0.0174247321810596,0.0149369156319406,0.408151608592253,0.00380793878331622,0,0.0707161404216962,0,0.022156550627053,0,0.0248385814013598,0,0.0478349391802689,0.00257863992600607,0.0105392930191914,0.0411261619642338,0.138351083924569,0,0.000607299672802075,0,0.144809677731776,0.0521204369424741,0
"GSM1621933",0.00383899517343043,0.0808650638969101,0.23264855773102,0,0,0.230878522639564,0,0.00269883814148099,0,0.0186385792614643,0,0.082779942803006,0,0,0.0315619558715125,0.202967331533304,0,0,0.080818204086203,0,0.0323040088621049,0
"GSM1621934",0.0231302297736295,0.00659721981031017,0.278932550594039,0.0602636262736753,0,0.138479419955827,0,0.00659330367584459,0.00550822634064635,0,0,0.0903548825740601,0.0012813940383579,0,0.0507652532053583,0.266305665260574,0.00654547871285923,0,0.032041368635926,0,0.0332013811488924,0
"GSM1621935",0,0.0555192487611291,0.291344773533105,0,0,0.0760565198340062,0,0.0221326336876091,0,0.0422050829561559,0,0.0368677608808812,0.00655845987463542,0.0219401134182144,0.12246646059022,0.144440998586748,0,0,0,0.151907707826935,0.0285602400503616,0
"GSM1621937",0.0289320817097136,0.207445790349677,0.183269594204813,0.0414436339857046,0,0.100754978369186,0,0.0272592252983676,0,0,0,0.0851684043603145,0,0,0.037949693258078,0.128582728630125,0,0.0106347408015958,0.0601674253308366,0.00623945103348132,0.0821522526681071,0
"GSM1621938",0.0487607831942435,0,0.303211555848484,0,0,0.0715594770059016,0,0.0283679237090731,0.00141349521239128,0.00893532829696435,0,0.0360002237718792,0,0,0.0214245582607473,0.37176019994472,0,0.00297385512567936,0.0834376858248345,0,0.0221549138050811,0
"GSM1621939",0,0,0.42340002492078,0.0584744230009015,0,0.0962274136652502,0,0,0.0153304627298779,0,0,0.0447320178390116,0.00587648901572081,0,0.0084130868106931,0.229421271920823,0,0.0103472129488614,0.0551842437856601,0,0.0525933533624204,0
"GSM1621941",0.0306751731664665,0,0.266260026611016,0,0,0.121871432851767,0,0,0,0.0809362047503631,0,0.0764971908839639,0,0,0.086266341924523,0.202300259072151,0.00219346628643545,0,0,0.132999904453314,0,0
"GSM1621942",0.0637779536777777,0,0.381371593022142,0.0275632459455518,0,0.0961492355908286,0,0.00357491471657719,0.0073756461977337,0,0,0.0417996211191681,0.000887688504575684,0,0.00372475074738132,0.264041907380677,0,0.00735223842548652,0.06095171428181,0,0.0414294903902909,0
"GSM1621943",0,0.000565779612552229,0.411068868804017,0.0561266860898395,0,0.105039882592635,0,0,0,0,0,0.0478997944446638,0,0,0.00362285878915986,0.241885000678949,0,0.00511433319746202,0.0591536163887303,0,0.0695231794019911,0
"GSM1621944",0.0737495629839928,0,0.168800198139993,0,0,0.130853410532719,0,0.0138277659945056,0,0.0325519303304706,0,0.0527637308115751,0,0,0,0.370601869201582,0,0.0257960270844348,0.11399526801295,0,0.0170602369077766,0
"GSM1621945",0.0384192172277211,0,0.190969334612398,0,0,0.099480482786745,0,0.0242736087976345,0,0.0603386602308972,0,0.0517748628419062,0,0,0.0347602500940015,0.31915707240291,0.00902180700422314,0,0.131560762616567,0,0.0402439413849964,0
"GSM1621947",0.0374654207465911,0,0.30494351596466,0,0,0.213956072027833,0.00114289842315361,0,0.00135535119224659,0.0448132138682082,0,0.049064991422896,0,0,0,0.235449907772658,0,0.012229664888737,0.0885619141382384,0,0.0110170495547783,0
"GSM1621948",0.0236962459702345,0.0726488567013086,0.071039196691507,0,0,0.198276874307339,0,0.0489425577505708,0,0.0836636639198478,0,0.123169203902783,0,0,0.0179419539493854,0.272207996279019,0,0.0123616058573314,0,0.0760518446706732,0,0
"GSM1621949",0.0366838362419823,0.0313356889121051,0.419478188411302,0.00410336729455149,0,0.0487677433285897,0.0126754081917411,0.0348341999261294,0,0.0465962864480125,0,0.0679938823178244,0,0.0208132645271317,0.047016021126346,0.0933039018245864,0,0,0,0.117050689673749,0.0193475217759493,0
"GSM1621951",0.0228918038871647,0,0.249904076915508,0,0,0.183254828257958,0,0.0122150461993041,0,0.065196458935033,0,0.070267603545809,0,0,0.0137030105832514,0.315587212996159,0,0.0161056647238156,0.0508742939559965,0,0,0
"GSM1621588",0.0245411090676985,0,0.455527946393334,0.00544067621708808,0,0.0991884885213925,0,0.00329913375053592,0,0.000171642090586025,0,0.0846568072504185,0,0,0.0379316368361504,0.208649304334133,0,0,0,0.045986002304527,0.0346072532341361,0
"GSM1621593",0.0516620536243673,0.0671029518585428,0.238869623590189,0.0476852002858042,0,0.141540688216254,0,0.0489135254620494,0,0,0,0.0835655107220029,0,0.0600831836088082,0.139273909511386,0.0909869727054286,0,0,0,0.0303163804151674,0,0
"GSM1621594",0.0103165275468486,0,0.37044053840931,0,0,0.175653762125893,0,0.0142071912235798,0,0.0441841196033416,0,0.0676305935800168,0,0,0.0161035315262213,0.238586775918097,0,0,0.0450970933331425,0,0.00745854932419584,0.0103213174093534
"GSM1621596",0.023091359820779,0,0.184425845366684,0,0,0.193585161419115,0,0.0294483093500028,0.0202227360114373,0.0417764995323362,0,0.106091883758766,0,0.00722556919363292,0.104080562644862,0.214929811469989,0.0126076946155543,0,0.0420434944812509,0,0.0204710723355904,0
"GSM1621599",0,0,0.322770451927869,0,0,0.0788623884274475,0,0,0,0.0409958153690829,0,0.0263584252661561,0.0134397027522955,0.0201363241362033,0.094713297286433,0.124342699896471,0.000313487472935001,0,0,0.153839878096917,0.0787865217260708,0.045441007642119
"GSM1621601",0.0837569085558762,0.11176092704359,0.200741950016208,0.0516061799778035,0.0340718557313762,0.0377525763876639,0.00259593655341602,0.0423692634210406,0.0250944110838927,0.0238147189683554,0,0.0202391445202426,0,0.0214846443128583,0.0305069766233147,0.23687243535815,0,0.0129087316386108,0.00287449730379827,0.0180899352117107,0.0434589072920923,0
"GSM1621605",0.0772536292493662,0,0.093971309122599,0,0,0.114378521376473,0,0.0267406461035171,0,0.119209518753608,0,0.122856536234155,0,0,0.00772246763128338,0.217503930792856,0.012755480607358,0.0150600453182977,0,0.0800311176343823,0.0969217604019546,0.0155950367741494
"GSM1621609",0.0473074448077421,0,0.293841749254121,0.0380143817348872,0,0.1023739615731,0,0.00480798512921332,0.00801120769424193,0,0,0.0603958808359102,0,1.84568261607294e-06,0.00403503817964668,0.31979375131898,0,0.00205061523262558,0.0298199096707179,0,0.0895462288861983,0
"GSM1621612",0,0.051937357206693,0.200773497436667,0.0632941444859575,0,0.118396388932344,0,0.00135217533974391,0,0.0128270434562758,0,0.107987027825382,0.00850843380703041,0,0.0287677547327898,0.249255033454832,0,0,0.0773574956681258,0,0.0795436476541597,0
"GSM1621613",0,0.0221812914337672,0.352964323674528,0.0097735222679648,0,0.0623733279813562,0,0.0190478205391116,0,0.0277507655901819,0,0.0456198026169588,0,0.0172462814472648,0.144787292627416,0.121456937182288,0.00270863553500452,0,0,0.0951175625010952,0.0659896969588173,0.0129827396442453
"GSM1621615",0,0.0988605585621567,0.246790841503475,0.0177015699561423,0,0.0772008999791553,0,0.011287972723993,0,0.000116279039153528,0,0.0830585264057056,0,0,0.164570727643008,0.176085093905607,0.03617414301616,0,0,0.074706384338241,0.013447002927203,0
"GSM1621617",0,0.0624008503813673,0.311116742284344,0,0,0.111877458814083,0,0.0151624050890063,0.00230558584830038,0.0208849692826676,0,0.0656732013216464,0,0,0.0114252959826477,0.31104261713319,0,0.00543632676100646,0.0111778030082698,0.0115307255189966,0.059966018574474,0
"GSM1621620",0.0488100047837281,0,0.398692556811717,0.00744847054879714,0,0.0945265231605654,0,0.00795709153151923,0.0107888121279413,0,0,0.0511910013411963,0,0.00211294864626566,0.00753242567415745,0.29319906747,0,0.00024477641647481,0.0161803108290474,0.00854585992057766,0.0527701507380123,0
"GSM1621623",0.037566306726894,0.011847264889269,0.392317122845464,0.0212385702657776,0,0.0804529738891975,0,0.0154384488631951,0,0.0123856867704903,0,0.0489150014991184,0.0063015403507536,0,0.0478079671294455,0.215471588654079,0.00355798772238543,0,0,0.0268724806093406,0.0798270597845899,0
"GSM1621626",0,0.00736167371520098,0.289878840684615,0,0,0.0707220413790731,0,0.010130676509758,0,0.0495965568110446,0,0.0358543707916715,0.000888610729042874,0,0.0732274697538188,0.130918964996755,0,0,0,0.1540159120425,0.0511662675904082,0.126238614996111
"GSM1621629",0.110060220201537,0.0351597153147533,0.304361642433204,0.0255922449694232,0,0.0773514335953069,0,0.0139623649930194,0,0,0,0.0578025894526297,0.00479782009758882,0.00816652446656908,0.0474410981239169,0.251617812718945,0,0,0.00944359206825815,0.0256238557671569,0.0286190857976909,0
"GSM1621632",0,0.0630021251434968,0.390853527267955,0.018725186631287,0,0.0275267256179527,0.0638222293835226,0,0,0.0265329409269221,0,0.0336080430162881,0,0.0298816671557705,0.0388118562773647,0.119031562255162,0,0,0,0.124206233139441,0.0639979031848374,0
"GSM1621634",0.028975959519225,0,0.323363707809641,0,0,0.0623952794239103,0.000172429262421801,0.0212454307624689,0.0189891355465216,0.0593911325689855,0,0.0373223573416349,0,0.00075863824259423,0.0602070564984916,0.24252194394448,0.00424673755145617,0,0.0980892116472642,0,0.0423209798809045,0
"GSM1621636",0,0.111437570058198,0.158404497793939,0,0,0.0263753386703426,0.0494908335839718,0.0712154449079035,0,0.0828459718216923,0,0.0313146607618213,0,0.0548180668938476,0.151290117808662,0.0892588874826202,0,0,0,0.111677859188204,0.0617661563849644,0.000104594643833303
"GSM1621637",0,0.0370324189025439,0.167419940088961,0.0181869961855105,0,0.140180425550896,0,0.0192656116542826,0,0.0069392696275786,0,0.0566158597321217,0,0.0633586778318061,0.134949074431508,0.255799018139258,0,0,0,0.0851845913577296,0.0150681164978037,0
"GSM1621640",0.00696583577834343,0.0331307203552265,0.327936106673731,0,0,0.0598130610640547,0.0135774007853897,0.022961176670553,0,0.0911208527392974,0,0.0747390091708179,0,0,0.0936443034098397,0.126062616529261,0.00633310619115916,0,0,0.0981222051573192,0.0455936054750078,0
"GSM1621644",0.0516471763004877,0,0.291925420246883,0,0,0.0641085478890802,0,0,0,0.0536864465799195,0,0.0434985041055804,0,0,0.0256480043533318,0.2516486944846,0,0,0.147947013950739,0,0.0698901920893783,0
"GSM1621648",0.0271747863097595,0,0.37850529661613,0,0.0104240426682843,0.0503627105186944,0,0,0.00543084563980245,0.0723041682986677,0,0.0626072388178811,0,0,0.0123090839528437,0.212877852843553,0,0.00455269836280349,0.15322215393655,0,0,0.0102291220350315
"GSM1621652",0.0158082995706017,0.00773932897182252,0.446740230834933,0.0162324520059913,0,0.0422552403737303,0.0358910420662729,0.00603870413926869,0,0.0391760296247192,0,0.0514167058981359,0,0,0.037843558254547,0.144439103889159,0,0,0,0.0894219697091516,0.066997334661667,0
"GSM1621653",0,0.0122356998554437,0.349386494568314,0.0382756218463606,0,0.092125715071998,0.0147014966354006,0,0.0173451785165261,0.0107306958126412,0,0.0446276470932659,0,0,0.05562281014019,0.239900624625379,0,0.00496994916441941,0.0258593975207233,0.00842865302891197,0.0857900161204267,0
"GSM1621655",0.0508334259465011,0.424956148584661,0.0718708285058895,0.012043530633476,0.0232268003545888,0.0796048259045855,0.0180802803535514,0.0270377508776768,0,0.0978906826144697,0,0.0137989400838795,0,0,0.0239620175542239,0.128291408021279,0,0.000509933709979025,0.0107587573247181,0,0.0171346695305205,0
"GSM1621657",0.0148012038385515,0.0660213376069582,0.127009290356994,0.00792645428097342,0,0.172169716835481,0.013982846935515,0.0219227057481377,0,0,0,0.0923296562060451,0,0,0.198259943667986,0.117976304181682,0.00479763970688611,0,0,0.15231860504019,0.010484295594601,0
"GSM1621662",0,0.0286915652643036,0.355511447421706,0.00270482376956549,0,0.0875639572619667,0.0201396682183555,0.0100625261619089,0,0.0403233024158327,0,0.0391861881776875,0.0811150146244525,0,0.0764852437950898,0.143862037673722,0,0.00116311032263974,0,0.00645169429224249,0.0778734470418089,0.0288659735587177
"GSM1621664",0.0142972473682567,0,0.362216911699497,0.03332793119168,0,0.168213291392116,0,0,0,0,0,0.0846817170162859,0.0121686736879816,0,0.076057416028018,0.186012895605401,0,0,0,0.0392120000469079,0.0232833928679257,0.000528523095930024
"GSM1621668",0,0.0025890834189376,0.243470412995361,0.0278983282433079,0,0.142302743870864,0,0,0,0,0,0.066814676030374,0.0222511152744249,0.0375966012588944,0.13913483010742,0.20673683214621,0,0,0,0.103045056068716,0.00816032058549065,0
"GSM1621672",0.00980117988860461,0.0373983398372409,0.268918350940555,0,0,0.166340385952732,0.0252487941254137,0.00275426727857645,0,0.0353979643369427,0,0.0598596180460494,0,0.0347329231869584,0.0763860065058622,0.208220053777912,0,0,0,0.0645047549691448,0.0104373611540082,0
"GSM1621675",0.0130397534564814,0,0.330587183800715,0.015571008399256,0,0.219179222437046,0.0184199701940691,0,0,0.00146505241052018,0,0.0188989105667714,0.0270095903704976,0,0.112502651414559,0.185252783274796,0.00962935726961126,0,0.0128943206154018,0.00582399108229986,0.0297262047079755,0
"GSM1621676",0.0300074431980277,0.025241878290427,0.215076269723967,0,0,0.101578948200752,0,0.0292613197994637,0,0.0268388735556843,0,0.0387536564123301,0,0.0722805186181726,0.197079566430154,0.113468587138988,0,0,0,0.134019338915344,0.0145986198253776,0.00179497989131183
"GSM1621678",0.0143210198016418,0,0.357760640541859,0,0,0.0977162345372028,0,0.0128233182978785,0,0.0376435873775283,0,0.055626723777826,0.00351871555136547,0.00243599224292253,0.126139719229012,0.171041735283166,0.0103564118326117,0,0,0.107197888610927,0.00341801291605882,0
"GSM1621680",0.029113877213843,0.0201177893472753,0.304409852231214,0.0111698085185382,0,0.0735330365996161,0,0.0535269748018485,0,0.0319220102853504,0,0.0465165455803843,0,0.0793880155151604,0.159780413867909,0.136704736618788,0,0,0.00737195720902152,0.0316874386464326,0.0147575435646183,0
"GSM1621682",0.00231142706513576,0.0184101480372846,0.441599262033393,0.0136680397630513,0.00106841987747191,0.00382937262185705,0.0685913140401182,0.000538767929951944,0,0.0434587568295712,0,0.0481509139938569,0,0.0268657888382464,0.0413810201453837,0.117594358001729,0,0,0,0.113952833239923,0.0585795775830257,0
"GSM1621683",0.0276211233281117,0,0.162071548212831,0.0375421360391369,0,0.0667966316118812,0.00275574610061628,0.0736263369627527,0.0429194356290164,0.0251742532872016,0.0153347072471688,0.0328338988102984,0,0,0,0.334382328575425,0,0.0210798775731499,0.15786197662241,0,0,0
"GSM1621688",0,0.0180161934928658,0.256467450732506,0.0118587858247685,0,0.0300647032670144,0.0013343009111063,0.0243634656533352,0,0.0267666572476134,0,0.0380172480083176,0.00901470441752463,0.158954037038161,0.139513299978676,0.0654235989895971,0,0,0,0.184423157036351,0.025149885770097,0.0106325116320656
"GSM1621699",0,0.0408786330046028,0.246863502269236,0.00190123657066319,0,0.212570284555474,0,0.0285960616679485,0.00269377710038999,0.0114343285580241,0,0.0835151356382846,0,0,0.0460698646112319,0.249000618007662,0,0.00450196615650146,0.0216365183314278,0.0111066905648463,0.0392313829637065,0
"GSM1621709",0.000995545876882221,0,0.232660373877956,0,0,0.120295005690044,0,0.00216176341289943,0.012990384397034,0.0114048513429213,0,0.0577465823812123,0.0676184381595169,0,0.0973612102009075,0.237134966799227,0,0,0,0.0776459168326255,0.0609368516927794,0.0210481093359932
"GSM1621713",0.0157858808243078,0,0.334313350121771,0.0392309432931007,0,0.106267021832545,0,0.0246019829513334,0.0141470079611793,0.00464482881544733,0,0.0736073346854161,0.00720294633073617,0,0.0280323036638603,0.235678068649081,0,0.00673844856559746,0,0.0647393715622832,0.0450105107433405,0
"GSM1621717",0.0164914761249088,0,0.396091762039394,0.0223334208968938,0,0.0871373613316737,0,0.00922157813710794,0.0103341236823693,0,0,0.0716060738851165,0.0065117959972564,0,0.0343922247804599,0.232490365483104,0,0.00569758689722084,0,0.0533092150202565,0.0543830157242391,0
"GSM1621723",0.0106905206370769,0.0308005391405268,0.357948286906373,0.0110549831564627,0,0.103534796330966,0,0.0177198682473557,0,0.00622598004711465,0,0.0469014953292912,0,0,0.0497813527763387,0.263785943398498,0,0,0,0.0693528707789029,0.0322033632510934,0
"GSM1621725",0.0313517019980761,0,0.293566595047889,0.0210661956846457,0,0.101014283215105,0,0.0210934671522829,0.0173450198011381,0,0,0.0734959353275702,0.00553083271810941,0,0.0418093237664373,0.264643226217824,0.00275149339991261,0,0,0.0689487744588651,0.0573831512121446,0
"GSM1621727",0,0.0478846356263144,0.28907831124167,0,0,0.0465680107379641,0.0285495867754113,0.0282554506378093,0,0.0296670601644817,0,0.0259297845022647,0,0.0996376359531608,0.185092732810663,0.113295648999618,0,0,0,0.0959035539273244,0.0101375886233184,0
"GSM1621728",0,0.00509865634663064,0.0662967818824923,0,0.00278350616443721,0.00893885354405772,0.0179132784670375,0.00447832997113075,0,0.0347380240888256,0,0.00654729653336295,0.0796585568470089,0.0552516412980764,0.10898206522224,0,0,0.0113939733915464,0,0.275494852754821,0,0.322424183488333
"GSM1621730",0.0216946143811134,0,0.190530184022853,0,0,0.101239085560245,0,0.0382171266290448,0.0103151125135486,0.0926130465172367,0,0.0627062208608788,0,0,1.32202841216886e-05,0.32070324343377,0,0.0323613847252311,0.0977529625890168,0.0136528313822124,0,0.0182009671007276
"GSM1621732",0,0.041891655192295,0.112858977594236,0.000552254284052396,0.0125714502291344,0,0.00813511119308699,0.0060324311013876,0,0.0181668037097404,0.00598777521882124,0,0.121409545682272,0.0509769238637345,0.101732619615835,0,0,0.00540617961576497,0,0.339842588411723,0,0.174435684287917
"GSM1621735",0.00152504649624656,0.0453884223003485,0.190999080663136,0,0.0109066497494114,0.0256780292966645,0.00763919840283619,0.0163032724920791,0,0.0366902382405218,0,0.0380437663068978,0.00592670186782048,0.131140162666864,0.276209935249898,0.0329834188124069,0,0,0,0.175235243349877,0,0.00533083410499132
"GSM1621736",0.0286462035213522,0,0.239655511575993,0.0584955309758215,0,0.0853368013030024,0,0.0169333797727258,0.017641450318594,0.0294257611865522,0,0.0294355352949654,0,0,0.0136448122094932,0.292195888761477,0,0.00112223331785699,0,0.102264350731227,0.0852025410309398,0
"GSM1621740",0.0359943878553771,0,0.276522928363054,0,0,0.158955792068965,0,0.00523994615224071,0.020377712168116,0.0196311926684546,0,0.0499296600877169,0,0,0.033307248927587,0.271204756491912,0,0,0,0.081803998583064,0.0470323766335125,0
"GSM1621744",0.0121099022151636,0.0208625968258638,0.252698269079638,0.0651772876637398,0,0.0840473929765627,0,0.0402840513814158,0.020970508016374,0,0,0.0684374211703365,0,0.00945283560091282,0.0539175357162603,0.207555372401332,0,0.00301801997248331,0,0.119322291031194,0.0421465159487237,0
"GSM1621746",0.00142891286852369,0.0467638288397999,0.285072280781157,0,0,0.180000223002529,0,0.0175219522677733,0,0.038588947265607,0,0.0973125527177933,0,0.0393431212653266,0.0854560882022487,0.177645495029095,0,0,0.00588266315728032,0.0125408035039443,0.0124431310989215,0
"GSM1621755",0.0176406867436977,0,0.34568398035337,0,0,0.135667632361604,0,0,0,0.0232653661976951,0,0.0548789786553664,0,0,0,0.301440305218652,0,0.0121491458046088,0.0233636869626873,0.0106845536309921,0.0752256640713272,0
"GSM1621774",0.0240682257589988,0,0.180185012538162,0.01411012084642,0,0.117342291497917,0,0.080474006952485,0,0.0228711842441779,0,0.0673067818077308,0.00644938828791917,0.0294224428763711,0.121266159319787,0.0853927364863377,0,0,0,0.222577171224589,0.0285344781591044,0
"GSM1621777",0,0,0.470474818841696,0,0,0.168409893968688,0,0.0093602216322443,0,0.00546752235517269,0,0.0267868231996586,0,0,0.00227478096495738,0.202408476325612,0,0.0175233012556114,0,0.0913415829485159,0.00595257850784407,0
"GSM1621788",0.0116668486188832,0,0.187270993718545,0.0250749108970207,0,0.225843065396413,0,0.0380595730777089,0.020404007205821,0,0,0.091668188541456,0,0,0.0609537314629154,0.226383045260686,0.00647565136394595,0,0.0727523285129203,0,0.0202753715330849,0.0131722844105999
"GSM1621789",0.0115326455984097,0,0.189052152603535,0,0,0.103496674842226,0,0,0.0189979609662652,0.147695607907426,0,0.0412666285380229,0,0,0.0706148639344906,0.323029905125362,0.00505527093071203,0,0.0463634835673301,0,0.00992510111154237,0.0329697048746788
"GSM1621790",0.0316764269051365,0,0.301955537407975,0.00202482008384145,0,0.0766655132346122,0,0.0109810742265319,0,0.013551389993461,0,0.0885504937270036,0,0,0.0410327539623151,0.338446386024502,0,0,0,0.054602532418387,0.0405130720162344,0
"GSM1621796",0,0.0265609130197745,0.318637790628063,0.0166902274816502,0,0.121756821713657,0,0.0260662841487663,0,0.0108533425010288,0,0.0363435531814798,0.033023917800234,0,0.0880843373913762,0.221878431209191,0,0,0,0.0376173820392836,0.0624869988854951,0
"GSM1621800",0.0158443600638173,0,0.285935066684754,0.014511499424756,0,0.138197822966508,0,0.0256982914960541,0,0.0120314284075241,0,0.0500783277310274,0.0208242498478458,0,0.0937348607887113,0.256102056046432,0.00133083754858674,0,0,0.0536349990859253,0.0320761999080576,0
"GSM1621802",0.00476728069334847,0,0.457745340616005,0,0,0.104115495325225,0,0,0,0.0532540421286313,0,0.0543253230590196,0,0,0.0114361610468505,0.241692145542095,0,0,0.0604731933197475,0,0.0121910182690781,0
"GSM1621804",0.0329215380939891,0.11649742468171,0.0928217266780491,0,0,0.131017550724847,0,0.0323536568389022,0,0.034862054362178,0,0.0447296991276342,0,0.0640675533354903,0.178685254608541,0.114207132232501,0,0,0,0.151066749221583,0.00676966009457448,0
"GSM1621808",0,0.0471715650995705,0.246631394204151,0.00347586240540786,0,0.1208451504155,0,0.0151230450142159,0,0.0248128325084676,0,0.032670560195215,0.021501513496051,0.0339729550187102,0.163428009623236,0.129630677196647,0,0,0,0.13218306529053,0.0285533695322996,0
"GSM1621813",0,0.0279395252816646,0.159367334665548,0.0168018090962216,0,0.0442828866258717,0.0656801009638285,0.00936109524308817,0,0.0577768733398233,0,0.0424198471271939,0.0291352398770214,0.0629792983558732,0.184431883329395,0.136550190126112,0,0,0,0.106303446707109,0.0569704692612489,0
"GSM1621823",0.0415493459340692,0,0.423166438963437,0,0,0.148723948464211,0,0.00487126787877242,0.0143036658802274,0.00258011104192649,0,0.057714797055829,0,0,0,0.229661269674563,0,0.0111823659274574,0.0143320791161067,0.00908841302918136,0.0428262970342191,0
"GSM1621829",0.00600159875427017,0,0.329315780651165,0.0122828124728726,0,0.0708208798940074,0,0.0251792485710543,0.00236713665565511,0.00688024027529968,0,0.0432086012891799,0.000992099323065297,0.0751502794073584,0.155858667907451,0.10328563092256,0,0,0,0.144541967785123,0.0241150560909388,0
"GSM1621830",0.0342878077760911,0,0.366442879862764,0,0,0.103710241577135,0.00919398387881993,0,0,0.0944538526227791,0,0.0303280498210255,0,0,0.090397428058281,0.188089698396557,0.00278781711155092,0,0,0.0598807151207587,0,0.0204275257742369
"GSM1621833",0.00907460051216152,0,0.326172421787647,0.0246353384054035,0,0.0945719188994014,0,0.0288223293543387,0,0,0,0.0565128507650229,0.000575970449453144,0.0312791791871342,0.0711800474618911,0.185619926171555,0,0,0,0.155923518596316,0.0156318984096764,0
"GSM1621834",0.0550167962960487,0,0.490350830444159,0,0,0.123442315850635,0,0.00606923825233848,0,0,0,0.0505949856211008,0,0,0.0404060773034674,0.208897737496186,0,0.000376938720554678,0,0.0224089920566146,0.00243608795889597,0
"GSM1621835",0,0.036667669549909,0.462743127886653,0.000523067610837505,0,0.0699424665618801,0.0734150885693069,0,0,0.0105457061339629,0.00172733438552596,0.00750208377964262,0.00190920669299967,0.0304237070265592,0.0811117141852345,0.135154395649688,0,0,0,0.0447930707301526,0.0126506679350229,0.0308906933026247
"GSM1621837",0.0299761137504465,0,0.386216326905213,0,0,0.125257111183874,0,0.0223247203399041,0,0,0,0.0883474709292799,0.00361200447469188,0,0.0321193195171252,0.204701311795578,0,0,0,0.0702426355976203,0.0372029855062665,0
"GSM1621838",0.0454330566507163,0,0.444382583154962,0,0,0.131527163674746,0,0,0,0.00906276048818567,0,0.0406041143227594,0.00606962902154222,0,0.0348722781615586,0.270949348444631,0,0,0.0120186576541707,0.00508040842672784,0,0
"GSM1621841",0.0073716655270773,0.0458549366343101,0.234997464735923,0.032563468426653,0,0.0580214530275948,0,0.0449962182329593,0.00522456519399139,0,0,0.0616576935841567,0.00666673701076094,0.0118296902933873,0.135467101739629,0.181111408424108,0,0,0,0.131549716418216,0.0426878807512329,0
"GSM1621842",0.0428283029429863,0,0.311046416898936,0.0530034017200404,0,0.12883165536524,0,0.0137646539843475,0.00564047702330865,0,0,0.0473125271097256,0.0112136574521927,0,0.0305943224952076,0.292911416934401,0,0,0.054658521543222,0,0.00819464653039278,0
"GSM1621845",0.0268135206193687,0,0.297431089289333,0,0,0.121959106095249,0,0.0432672111996848,0.0158942493850259,0.0428884226759416,0,0.092112548118041,0,0.0354856194273165,0.126282149735446,0.130756759537711,0,0,0,0.0527142529753608,0.0143950709415217,0
"GSM1621846",0.0632735094020194,0,0.312831148722721,0.00484696204069844,0,0.197842527156273,0,0,0.01653839201446,0,0,0.0434113136249944,0,0,0.0150788182199061,0.299203627065551,0,0.00177478173617933,0.0436126599546116,0,0.00158626006258645,0
"GSM1621849",0.0163318387628929,0,0.309998762250214,0,0,0.091930458417962,0,0.021722871368068,0,0,0,0.0709800157134768,0.00775136341998539,0.0510024117198195,0.130643874511133,0.155528963528403,0,0,0,0.109172304635832,0.0349371356722136,0
"GSM1621850",0.00980874337469959,0,0.502225522523347,0,0,0.157344405810779,0,0,0,0,0,0.0575304397145865,0.0188896694358158,0,0.00481142189761211,0.20136265807081,0,0.0196795897519231,0,0.028347549420427,0,0
"GSM1621853",0.0193533700368288,0,0.191090871082631,0,0,0.140441809746516,0.072368100195279,0.0377271528408571,7.18391607420423e-05,0.0678736620573883,0,0.08042043788531,0,0,0.137093041778283,0.0951659498584605,0.00883527922528987,0,0,0.144014604607542,0,0.00554388152487154
"GSM1621854",0,0.00495035614511494,0.0559592258537011,0,0,0.0879149237198939,0,0.0124361603113521,0,0.0442689250711432,0,0.033393577782073,0.0202845289623138,0.0741715968588308,0.169514381311596,0.0661933997221339,0,0,0,0.266815058440286,0.0695876101296943,0.0945102556918669
"GSM1621858",0.0989084474847103,0,0.117148496021549,0,0,0.0863988141480618,0,0.0521966530777081,0,0.039632165079225,0,0.0964485167680011,0,0,0.111848596479377,0.16353430866631,0,0,0,0.181268491648876,0.0526155106261815,0
"GSM1621859",0,0.0268970127142894,0.130020218858347,0,0,0.103259660934553,0.012509676697116,0.0263167645619725,0,0.0462085893337613,0,0.040848765050099,0.00314948495928372,0.0579186556502434,0.254870493051124,0.181708475027469,0.00174697360987055,0,0,0.0904967282325997,0.024048501319271,0
"GSM1621866",0.0241647235756603,0,0.433630711212348,0,0,0.0401518813344521,0,0,0.0146627365210775,0.026584502449163,0,0.0361799349243851,0,0,0,0.329158311015644,0,0.00285960799456457,0.0604494911998663,0,0.0321580997728391,0
"GSM1621870",0.0103554869203862,0,0.444940183817442,0.0172361961767575,0,0.143939740692911,0,0.0115703327548732,0.0086512155187244,0,0,0.0405944961497534,0.00106193388889021,0,0.0179048080929318,0.161262561959716,0,0.00819314838571146,0,0.0813259448404284,0.0529639508014747,0
"GSM1621881",0.0104372021598109,0,0.409968924915661,0.00832404796891025,0.00784049805195386,0,0.0129180247502458,0.000323985210637551,0,0.0495100301603108,0,0.00348708020347596,0,0,0.0914512051126059,0.26876913751272,0.00824939274443791,0,0.0760389079751579,0,0.0526815632340716,0
"GSM1621892",0,0.00554518703112873,0.205753839160761,0.00447387407733535,0,0,0.0950334338249037,0.0201430337340043,0,0.0948971405215397,0,0.0476085021719984,0,0.217224711055652,0.129771966781449,0.0713137456308006,0,0,0,0.0878189347791072,0.0204156312313205,0
"GSM1621894",0.0103835372343106,0,0.382414501754676,0,0,0.128624302359785,0,0,0,0.0235098306323141,0,0.0634253303942628,0,0.00325037596204397,0,0.265317401187294,0,0.0157692908621775,0.0803487643158719,0,0.0170749437931794,0.00988172150408539
"GSM1621896",0,0.0340195719647419,0.198756055076339,0,0,0.00912167908281133,0.0846223042468811,0.0262933261138763,0,0.0854795669769381,0,0.0466966671145114,0,0.197016984960663,0.111686194562861,0.079668956557439,0,0,0,0.0987151346217695,0.0279235587211683,0
"GSM1621900",0,0.0223958572778408,0.178969599206133,0,0,0.0145417710042225,0.050843387879424,0.0289558087694079,0,0.0811988719781338,0,0.0320427977324777,0,0.23437322413055,0.116951100833698,0.0628026461074205,0,0,0,0.141236781632578,0.0356881534481138,0
"GSM1621904",0.0482313698476213,0,0.332882125501104,0,0,0.161001359845735,0,0.0270570882255653,0.0107651974884482,0,0,0.0673976172873835,0,0,0.0202351760408956,0.20714194119138,0.00209755982974642,0,0,0.0649356335256335,0.0582549312164874,0
"GSM1621905",0,0.00276887492273248,0.171887355057816,0,0,0.0903273230663272,0.0277244534833538,0.0254162121029248,0,0.0710104210085957,0,0.0503409349400864,0.0238821673903127,0.0822267711372608,0.148403981899712,0.140236723573915,0,0,0,0.130460587691397,0.0353141937255661,0
"GSM1621912",0.0518245696767589,0,0.170261872719588,0.0788945505327428,0,0.0834637405041543,0.00186421611546773,0.0493772921980179,0.0254152427849411,0,0,0.0524721786947939,0,0.070803808514244,0.0622134729402147,0.242391097000067,0,0,0.0772924885643874,0,0.0266517960649105,0.00707367368971199
"GSM1621916",0,0.123867394615149,0.361081619549058,0.0435271419460549,0,0.127152730767494,0,0.0646878510521091,0,0,0,0.059133089469062,0,0,0.0249874738021648,0.136998171271068,0,0.00674995310380102,0,0.0260214806882826,0.0257930937357555,0
"GSM1621918",0.0601782188039531,0,0.503570888218385,0,0,0.0182207523685837,0,0,0,0.0216916747003045,0,0.0457761610647544,0,0,0,0.317628893826787,0,0.013218187057165,0.0197152239600669,0,0,0
"GSM1621922",0.0199586867609663,0,0.485323063136332,0,0,0.0713810998055659,0,0,0,0.0218762896358335,0,0.0176138618793829,0,0,0.0229785962189887,0.290536537192692,0,0,0.0479054771221479,0,0.0224263882480908,0
"GSM1621926",0,0.023278703375612,0.423019130388617,0,0,0.0790922205386043,0,0.00902877771967149,0,0.00470622161807601,0,0.0262827805045364,0.054968535614774,0.00370225963445441,0.118027122048552,0.110505784402735,0,0,0,0.0806543767425443,0.0333006086239731,0.0334334787878501
"GSM1621929",0.019116675965022,0,0.245520615796526,0.0176579937717732,0,0.0680313324793141,0,0.0106555992151472,0.0341537733625356,0.085859341857567,0,0.0400747271112719,0,0,0.0618163889868465,0.252552493545384,0,0,0.131740221483244,0,0.0165058794111661,0.0163149570142024
"GSM1621930",0.0228939604272205,0.00531172195868737,0.349434716851168,0.032712016838381,0,0.130506710815795,0,0.0461319793921489,0,0.00738888440255811,0,0.0107061833891526,0.00328372396265182,0.0307144104390324,0.125233069739066,0.165175918364915,0.00993977774653315,0,0.0355678996947469,0,0.0249990259779427,0
"GSM1621932",0.0172040042165032,0.0426235856760034,0.146489949607961,0.000674327756819833,0,0.211256423586938,0,0.0540645778769637,0,0,0,0.109315721742447,0.00152883217573353,0,0.119158899176699,0.18116337529337,0.000549736330585653,0,0,0.0974571699806867,0.0185133965792899,0
"GSM1621946",0.0423155129465282,0.0142854428641238,0.327151894072263,0.0169972022400412,0,0.102038087337856,0,0.0177052247616051,0,0.0106923951900992,0,0.0427231112687404,0.0097929826694829,0.00111194635110459,0.0822568063472466,0.275329877517257,0,0,0,0.0338054049121063,0.0237941115215455,0
"GSM1621950",0.0369311350121945,0.0839012377209145,0.231088177959072,0.0196319494928575,0,0.148017847939583,0,0.0300375293171475,0,0,0,0.0567165374322495,0,0.0376140248922913,0.0681933962754849,0.176836033315813,0,0,0,0.0872026757938766,0.0238294548485157,0
"GSM1621952",0,0.0948403499659525,0.117953287753777,0,0,0.0414639911187423,0.0712604992760691,0.0267922206976533,0,0.06051285490608,0,0.063972810844991,0.0453307815422333,0.088770470545527,0.1643397304151,0.0986877911494767,0,0,0,0.0692712734281608,0.0568039383562366,0
